{
    "loss": 1.392298936843872,
    "accuracy": 0.5833333134651184
}