{
    "loss": 3.0476489067077637,
    "accuracy": 0.9416666626930237
}